{
  "project_info": {
    "project_number": "460452129712",
    "firebase_url": "https://quickbird-c73d8.firebaseio.com",
    "project_id": "quickbird-c73d8",
    "storage_bucket": "quickbird-c73d8.appspot.com"
  },
  "client": [
    {
      "client_info": {
        "mobilesdk_app_id": "1:460452129712:android:ae4b93ceaeb0a0b7",
        "android_client_info": {
          "package_name": "com.quickbird.quickbird"
        }
      },
      "oauth_client": [
        {
          "client_id": "460452129712-arndpsf84i4buub9v1emdm11n2pfbhfr.apps.googleusercontent.com",
          "client_type": 3
        }
      ],
      "api_key": [
        {
          "current_key": "AIzaSyCXiQK3WsnSJDm1B-ZHbj5hds5Zkr-Wng8"
        }
      ],
      "services": {
        "analytics_service": {
          "status": 1
        },
        "appinvite_service": {
          "status": 1,
          "other_platform_oauth_client": []
        },
        "ads_service": {
          "status": 2
        }
      }
    }
  ],
  "configuration_version": "1"
}